date,time,vehicles
01/09/2024,00:00,1114
01/09/2024,00:15,138
01/09/2024,00:30,348
01/09/2024,00:45,598
01/09/2024,01:00,1255
01/09/2024,01:15,912
01/09/2024,01:30,1048
01/09/2024,01:45,205
01/09/2024,02:00,635
01/09/2024,02:15,460
01/09/2024,02:30,119
01/09/2024,02:45,1127
01/09/2024,03:00,519
01/09/2024,03:15,1290
01/09/2024,03:30,1390
01/09/2024,03:45,1127
01/09/2024,04:00,172
01/09/2024,04:15,165
01/09/2024,04:30,581
01/09/2024,04:45,218
01/09/2024,05:00,1084
01/09/2024,05:15,1020
01/09/2024,05:30,1375
01/09/2024,05:45,851
01/09/2024,06:00,160
01/09/2024,06:15,140
01/09/2024,06:30,1315
01/09/2024,06:45,624
01/09/2024,07:00,534
01/09/2024,07:15,1025
01/09/2024,07:30,223
01/09/2024,07:45,660
01/09/2024,08:00,486
01/09/2024,08:15,378
01/09/2024,08:30,1058
01/09/2024,08:45,111
01/09/2024,09:00,523
01/09/2024,09:15,881
01/09/2024,09:30,299
01/09/2024,09:45,511
01/09/2024,10:00,1251
01/09/2024,10:15,925
01/09/2024,10:30,278
01/09/2024,10:45,1074
01/09/2024,11:00,297
01/09/2024,11:15,957
01/09/2024,11:30,142
01/09/2024,11:45,596
01/09/2024,12:00,1497
01/09/2024,12:15,587
01/09/2024,12:30,407
01/09/2024,12:45,514
01/09/2024,13:00,437
01/09/2024,13:15,637
01/09/2024,13:30,199
01/09/2024,13:45,1343
01/09/2024,14:00,1145
01/09/2024,14:15,689
01/09/2024,14:30,224
01/09/2024,14:45,381
01/09/2024,15:00,1320
01/09/2024,15:15,284
01/09/2024,15:30,1060
01/09/2024,15:45,1314
01/09/2024,16:00,459
01/09/2024,16:15,177
01/09/2024,16:30,911
01/09/2024,16:45,184
01/09/2024,17:00,1003
01/09/2024,17:15,1182
01/09/2024,17:30,808
01/09/2024,17:45,1298
01/09/2024,18:00,1094
01/09/2024,18:15,1344
01/09/2024,18:30,657
01/09/2024,18:45,1224
01/09/2024,19:00,408
01/09/2024,19:15,1328
01/09/2024,19:30,1445
01/09/2024,19:45,504
01/09/2024,20:00,495
01/09/2024,20:15,756
01/09/2024,20:30,1392
01/09/2024,20:45,533
01/09/2024,21:00,1354
01/09/2024,21:15,215
01/09/2024,21:30,506
01/09/2024,21:45,1262
01/09/2024,22:00,1092
01/09/2024,22:15,1040
01/09/2024,22:30,1033
01/09/2024,22:45,149
01/09/2024,23:00,1472
01/09/2024,23:15,1329
01/09/2024,23:30,1170
01/09/2024,23:45,1373
02/09/2024,00:00,201
02/09/2024,00:15,385
02/09/2024,00:30,1024
02/09/2024,00:45,515
02/09/2024,01:00,844
02/09/2024,01:15,1388
02/09/2024,01:30,1246
02/09/2024,01:45,1144
02/09/2024,02:00,1397
02/09/2024,02:15,1236
02/09/2024,02:30,555
02/09/2024,02:45,182
02/09/2024,03:00,698
02/09/2024,03:15,1450
02/09/2024,03:30,900
02/09/2024,03:45,158
02/09/2024,04:00,1099
02/09/2024,04:15,355
02/09/2024,04:30,1397
02/09/2024,04:45,1044
02/09/2024,05:00,259
02/09/2024,05:15,118
02/09/2024,05:30,1298
02/09/2024,05:45,1342
02/09/2024,06:00,947
02/09/2024,06:15,669
02/09/2024,06:30,243
02/09/2024,06:45,1217
02/09/2024,07:00,511
02/09/2024,07:15,1006
02/09/2024,07:30,1427
02/09/2024,07:45,1441
02/09/2024,08:00,342
02/09/2024,08:15,576
02/09/2024,08:30,1298
02/09/2024,08:45,926
02/09/2024,09:00,1472
02/09/2024,09:15,1412
02/09/2024,09:30,638
02/09/2024,09:45,157
02/09/2024,10:00,817
02/09/2024,10:15,847
02/09/2024,10:30,1109
02/09/2024,10:45,1314
02/09/2024,11:00,972
02/09/2024,11:15,1354
02/09/2024,11:30,199
02/09/2024,11:45,1004
02/09/2024,12:00,234
02/09/2024,12:15,1274
02/09/2024,12:30,676
02/09/2024,12:45,700
02/09/2024,13:00,554
02/09/2024,13:15,893
02/09/2024,13:30,1329
02/09/2024,13:45,270
02/09/2024,14:00,203
02/09/2024,14:15,1298
02/09/2024,14:30,724
02/09/2024,14:45,1004
02/09/2024,15:00,742
02/09/2024,15:15,471
02/09/2024,15:30,960
02/09/2024,15:45,1110
02/09/2024,16:00,842
02/09/2024,16:15,1236
02/09/2024,16:30,259
02/09/2024,16:45,176
02/09/2024,17:00,1322
02/09/2024,17:15,242
02/09/2024,17:30,759
02/09/2024,17:45,1176
02/09/2024,18:00,865
02/09/2024,18:15,420
02/09/2024,18:30,1294
02/09/2024,18:45,303
02/09/2024,19:00,894
02/09/2024,19:15,576
02/09/2024,19:30,1465
02/09/2024,19:45,390
02/09/2024,20:00,286
02/09/2024,20:15,1024
02/09/2024,20:30,324
02/09/2024,20:45,369
02/09/2024,21:00,652
02/09/2024,21:15,577
02/09/2024,21:30,116
02/09/2024,21:45,829
02/09/2024,22:00,1421
02/09/2024,22:15,447
02/09/2024,22:30,964
02/09/2024,22:45,1343
02/09/2024,23:00,1375
02/09/2024,23:15,297
02/09/2024,23:30,510
02/09/2024,23:45,1468
03/09/2024,00:00,1280
03/09/2024,00:15,841
03/09/2024,00:30,750
03/09/2024,00:45,453
03/09/2024,01:00,1169
03/09/2024,01:15,477
03/09/2024,01:30,1446
03/09/2024,01:45,515
03/09/2024,02:00,983
03/09/2024,02:15,1188
03/09/2024,02:30,962
03/09/2024,02:45,1240
03/09/2024,03:00,1453
03/09/2024,03:15,909
03/09/2024,03:30,114
03/09/2024,03:45,468
03/09/2024,04:00,124
03/09/2024,04:15,1296
03/09/2024,04:30,1187
03/09/2024,04:45,1281
03/09/2024,05:00,1230
03/09/2024,05:15,1299
03/09/2024,05:30,632
03/09/2024,05:45,1262
03/09/2024,06:00,1467
03/09/2024,06:15,1167
03/09/2024,06:30,469
03/09/2024,06:45,438
03/09/2024,07:00,704
03/09/2024,07:15,495
03/09/2024,07:30,723
03/09/2024,07:45,1196
03/09/2024,08:00,1088
03/09/2024,08:15,711
03/09/2024,08:30,561
03/09/2024,08:45,1185
03/09/2024,09:00,718
03/09/2024,09:15,401
03/09/2024,09:30,789
03/09/2024,09:45,1338
03/09/2024,10:00,174
03/09/2024,10:15,1375
03/09/2024,10:30,382
03/09/2024,10:45,636
03/09/2024,11:00,502
03/09/2024,11:15,1216
03/09/2024,11:30,150
03/09/2024,11:45,181
03/09/2024,12:00,598
03/09/2024,12:15,374
03/09/2024,12:30,1215
03/09/2024,12:45,285
03/09/2024,13:00,1333
03/09/2024,13:15,953
03/09/2024,13:30,1307
03/09/2024,13:45,1273
03/09/2024,14:00,162
03/09/2024,14:15,1220
03/09/2024,14:30,1394
03/09/2024,14:45,942
03/09/2024,15:00,612
03/09/2024,15:15,930
03/09/2024,15:30,1313
03/09/2024,15:45,1173
03/09/2024,16:00,231
03/09/2024,16:15,812
03/09/2024,16:30,1006
03/09/2024,16:45,908
03/09/2024,17:00,1076
03/09/2024,17:15,776
03/09/2024,17:30,1214
03/09/2024,17:45,698
03/09/2024,18:00,236
03/09/2024,18:15,499
03/09/2024,18:30,611
03/09/2024,18:45,1349
03/09/2024,19:00,1132
03/09/2024,19:15,1039
03/09/2024,19:30,752
03/09/2024,19:45,1284
03/09/2024,20:00,834
03/09/2024,20:15,1371
03/09/2024,20:30,1311
03/09/2024,20:45,207
03/09/2024,21:00,859
03/09/2024,21:15,557
03/09/2024,21:30,628
03/09/2024,21:45,1439
03/09/2024,22:00,1391
03/09/2024,22:15,968
03/09/2024,22:30,1420
03/09/2024,22:45,406
03/09/2024,23:00,997
03/09/2024,23:15,1217
03/09/2024,23:30,1430
03/09/2024,23:45,1220
04/09/2024,00:00,547
04/09/2024,00:15,704
04/09/2024,00:30,264
04/09/2024,00:45,998
04/09/2024,01:00,545
04/09/2024,01:15,445
04/09/2024,01:30,903
04/09/2024,01:45,1300
04/09/2024,02:00,518
04/09/2024,02:15,319
04/09/2024,02:30,1174
04/09/2024,02:45,869
04/09/2024,03:00,1140
04/09/2024,03:15,630
04/09/2024,03:30,1168
04/09/2024,03:45,244
04/09/2024,04:00,843
04/09/2024,04:15,882
04/09/2024,04:30,771
04/09/2024,04:45,1054
04/09/2024,05:00,1461
04/09/2024,05:15,353
04/09/2024,05:30,1046
04/09/2024,05:45,579
04/09/2024,06:00,1131
04/09/2024,06:15,167
04/09/2024,06:30,1469
04/09/2024,06:45,1453
04/09/2024,07:00,490
04/09/2024,07:15,759
04/09/2024,07:30,419
04/09/2024,07:45,690
04/09/2024,08:00,711
04/09/2024,08:15,465
04/09/2024,08:30,1264
04/09/2024,08:45,1267
04/09/2024,09:00,383
04/09/2024,09:15,456
04/09/2024,09:30,1316
04/09/2024,09:45,1208
04/09/2024,10:00,1224
04/09/2024,10:15,1098
04/09/2024,10:30,835
04/09/2024,10:45,575
04/09/2024,11:00,511
04/09/2024,11:15,391
04/09/2024,11:30,444
04/09/2024,11:45,852
04/09/2024,12:00,294
04/09/2024,12:15,1276
04/09/2024,12:30,670
04/09/2024,12:45,317
04/09/2024,13:00,1386
04/09/2024,13:15,1233
04/09/2024,13:30,425
04/09/2024,13:45,1079
04/09/2024,14:00,1348
04/09/2024,14:15,126
04/09/2024,14:30,572
04/09/2024,14:45,492
04/09/2024,15:00,1384
04/09/2024,15:15,1264
04/09/2024,15:30,1263
04/09/2024,15:45,993
04/09/2024,16:00,924
04/09/2024,16:15,1352
04/09/2024,16:30,1302
04/09/2024,16:45,812
04/09/2024,17:00,465
04/09/2024,17:15,726
04/09/2024,17:30,118
04/09/2024,17:45,652
04/09/2024,18:00,185
04/09/2024,18:15,1176
04/09/2024,18:30,420
04/09/2024,18:45,935
04/09/2024,19:00,798
04/09/2024,19:15,238
04/09/2024,19:30,348
04/09/2024,19:45,243
04/09/2024,20:00,1092
04/09/2024,20:15,1377
04/09/2024,20:30,899
04/09/2024,20:45,1255
04/09/2024,21:00,941
04/09/2024,21:15,1049
04/09/2024,21:30,1127
04/09/2024,21:45,1110
04/09/2024,22:00,416
04/09/2024,22:15,352
04/09/2024,22:30,744
04/09/2024,22:45,1489
04/09/2024,23:00,837
04/09/2024,23:15,492
04/09/2024,23:30,765
04/09/2024,23:45,1087
05/09/2024,00:00,878
05/09/2024,00:15,559
05/09/2024,00:30,1232
05/09/2024,00:45,1152
05/09/2024,01:00,1251
05/09/2024,01:15,1023
05/09/2024,01:30,881
05/09/2024,01:45,952
05/09/2024,02:00,192
05/09/2024,02:15,170
05/09/2024,02:30,313
05/09/2024,02:45,863
05/09/2024,03:00,1446
05/09/2024,03:15,389
05/09/2024,03:30,1068
05/09/2024,03:45,401
05/09/2024,04:00,331
05/09/2024,04:15,1081
05/09/2024,04:30,1067
05/09/2024,04:45,965
05/09/2024,05:00,1101
05/09/2024,05:15,1344
05/09/2024,05:30,817
05/09/2024,05:45,620
05/09/2024,06:00,1274
05/09/2024,06:15,1124
05/09/2024,06:30,1377
05/09/2024,06:45,1318
05/09/2024,07:00,1226
05/09/2024,07:15,1059
05/09/2024,07:30,457
05/09/2024,07:45,479
05/09/2024,08:00,1305
05/09/2024,08:15,1083
05/09/2024,08:30,571
05/09/2024,08:45,172
05/09/2024,09:00,145
05/09/2024,09:15,1293
05/09/2024,09:30,537
05/09/2024,09:45,1162
05/09/2024,10:00,1093
05/09/2024,10:15,793
05/09/2024,10:30,451
05/09/2024,10:45,1226
05/09/2024,11:00,596
05/09/2024,11:15,277
05/09/2024,11:30,128
05/09/2024,11:45,589
05/09/2024,12:00,257
05/09/2024,12:15,1342
05/09/2024,12:30,1247
05/09/2024,12:45,395
05/09/2024,13:00,1471
05/09/2024,13:15,442
05/09/2024,13:30,925
05/09/2024,13:45,373
05/09/2024,14:00,1092
05/09/2024,14:15,966
05/09/2024,14:30,459
05/09/2024,14:45,379
05/09/2024,15:00,382
05/09/2024,15:15,525
05/09/2024,15:30,167
05/09/2024,15:45,867
05/09/2024,16:00,1402
05/09/2024,16:15,1436
05/09/2024,16:30,206
05/09/2024,16:45,278
05/09/2024,17:00,1348
05/09/2024,17:15,1489
05/09/2024,17:30,186
05/09/2024,17:45,653
05/09/2024,18:00,934
05/09/2024,18:15,1132
05/09/2024,18:30,549
05/09/2024,18:45,476
05/09/2024,19:00,166
05/09/2024,19:15,325
05/09/2024,19:30,543
05/09/2024,19:45,1029
05/09/2024,20:00,913
05/09/2024,20:15,1218
05/09/2024,20:30,1262
05/09/2024,20:45,1246
05/09/2024,21:00,1022
05/09/2024,21:15,184
05/09/2024,21:30,210
05/09/2024,21:45,310
05/09/2024,22:00,946
05/09/2024,22:15,418
05/09/2024,22:30,217
05/09/2024,22:45,979
05/09/2024,23:00,1164
05/09/2024,23:15,1111
05/09/2024,23:30,915
05/09/2024,23:45,719
06/09/2024,00:00,248
06/09/2024,00:15,264
06/09/2024,00:30,1146
06/09/2024,00:45,228
06/09/2024,01:00,657
06/09/2024,01:15,394
06/09/2024,01:30,929
06/09/2024,01:45,549
06/09/2024,02:00,999
06/09/2024,02:15,726
06/09/2024,02:30,955
06/09/2024,02:45,1364
06/09/2024,03:00,202
06/09/2024,03:15,492
06/09/2024,03:30,574
06/09/2024,03:45,1279
06/09/2024,04:00,273
06/09/2024,04:15,247
06/09/2024,04:30,1494
06/09/2024,04:45,1278
06/09/2024,05:00,581
06/09/2024,05:15,321
06/09/2024,05:30,1180
06/09/2024,05:45,1265
06/09/2024,06:00,987
06/09/2024,06:15,949
06/09/2024,06:30,216
06/09/2024,06:45,201
06/09/2024,07:00,1009
06/09/2024,07:15,159
06/09/2024,07:30,534
06/09/2024,07:45,857
06/09/2024,08:00,1068
06/09/2024,08:15,1472
06/09/2024,08:30,1366
06/09/2024,08:45,1046
06/09/2024,09:00,1352
06/09/2024,09:15,126
06/09/2024,09:30,575
06/09/2024,09:45,1236
06/09/2024,10:00,396
06/09/2024,10:15,550
06/09/2024,10:30,1416
06/09/2024,10:45,213
06/09/2024,11:00,1135
06/09/2024,11:15,1405
06/09/2024,11:30,1097
06/09/2024,11:45,470
06/09/2024,12:00,1226
06/09/2024,12:15,927
06/09/2024,12:30,934
06/09/2024,12:45,456
06/09/2024,13:00,1109
06/09/2024,13:15,370
06/09/2024,13:30,1234
06/09/2024,13:45,839
06/09/2024,14:00,691
06/09/2024,14:15,1181
06/09/2024,14:30,1203
06/09/2024,14:45,187
06/09/2024,15:00,759
06/09/2024,15:15,1031
06/09/2024,15:30,1471
06/09/2024,15:45,916
06/09/2024,16:00,195
06/09/2024,16:15,1154
06/09/2024,16:30,442
06/09/2024,16:45,314
06/09/2024,17:00,1155
06/09/2024,17:15,698
06/09/2024,17:30,939
06/09/2024,17:45,867
06/09/2024,18:00,743
06/09/2024,18:15,775
06/09/2024,18:30,336
06/09/2024,18:45,1125
06/09/2024,19:00,1198
06/09/2024,19:15,1342
06/09/2024,19:30,990
06/09/2024,19:45,179
06/09/2024,20:00,274
06/09/2024,20:15,1050
06/09/2024,20:30,591
06/09/2024,20:45,1062
06/09/2024,21:00,1403
06/09/2024,21:15,1476
06/09/2024,21:30,309
06/09/2024,21:45,461
06/09/2024,22:00,1480
06/09/2024,22:15,366
06/09/2024,22:30,1101
06/09/2024,22:45,1004
06/09/2024,23:00,1320
06/09/2024,23:15,518
06/09/2024,23:30,389
06/09/2024,23:45,1292
07/09/2024,00:00,1331
07/09/2024,00:15,555
07/09/2024,00:30,1202
07/09/2024,00:45,1178
07/09/2024,01:00,385
07/09/2024,01:15,415
07/09/2024,01:30,1200
07/09/2024,01:45,357
07/09/2024,02:00,1267
07/09/2024,02:15,134
07/09/2024,02:30,414
07/09/2024,02:45,345
07/09/2024,03:00,205
07/09/2024,03:15,862
07/09/2024,03:30,260
07/09/2024,03:45,1138
07/09/2024,04:00,1294
07/09/2024,04:15,1386
07/09/2024,04:30,555
07/09/2024,04:45,107
07/09/2024,05:00,1317
07/09/2024,05:15,669
07/09/2024,05:30,919
07/09/2024,05:45,733
07/09/2024,06:00,1319
07/09/2024,06:15,1346
07/09/2024,06:30,1402
07/09/2024,06:45,1471
07/09/2024,07:00,333
07/09/2024,07:15,163
07/09/2024,07:30,103
07/09/2024,07:45,1182
07/09/2024,08:00,733
07/09/2024,08:15,223
07/09/2024,08:30,1406
07/09/2024,08:45,782
07/09/2024,09:00,272
07/09/2024,09:15,475
07/09/2024,09:30,1134
07/09/2024,09:45,871
07/09/2024,10:00,409
07/09/2024,10:15,1491
07/09/2024,10:30,136
07/09/2024,10:45,498
07/09/2024,11:00,1381
07/09/2024,11:15,1206
07/09/2024,11:30,141
07/09/2024,11:45,1419
07/09/2024,12:00,895
07/09/2024,12:15,1076
07/09/2024,12:30,973
07/09/2024,12:45,265
07/09/2024,13:00,832
07/09/2024,13:15,602
07/09/2024,13:30,746
07/09/2024,13:45,115
07/09/2024,14:00,411
07/09/2024,14:15,613
07/09/2024,14:30,1407
07/09/2024,14:45,771
07/09/2024,15:00,370
07/09/2024,15:15,803
07/09/2024,15:30,1121
07/09/2024,15:45,1275
07/09/2024,16:00,1080
07/09/2024,16:15,860
07/09/2024,16:30,943
07/09/2024,16:45,103
07/09/2024,17:00,1137
07/09/2024,17:15,975
07/09/2024,17:30,593
07/09/2024,17:45,1473
07/09/2024,18:00,128
07/09/2024,18:15,912
07/09/2024,18:30,498
07/09/2024,18:45,942
07/09/2024,19:00,758
07/09/2024,19:15,630
07/09/2024,19:30,194
07/09/2024,19:45,380
07/09/2024,20:00,861
07/09/2024,20:15,721
07/09/2024,20:30,1440
07/09/2024,20:45,1144
07/09/2024,21:00,1164
07/09/2024,21:15,1460
07/09/2024,21:30,522
07/09/2024,21:45,1112
07/09/2024,22:00,584
07/09/2024,22:15,1449
07/09/2024,22:30,695
07/09/2024,22:45,739
07/09/2024,23:00,1499
07/09/2024,23:15,269
07/09/2024,23:30,962
07/09/2024,23:45,484
08/09/2024,00:00,903
08/09/2024,00:15,140
08/09/2024,00:30,1240
08/09/2024,00:45,675
08/09/2024,01:00,1483
08/09/2024,01:15,1400
08/09/2024,01:30,1227
08/09/2024,01:45,378
08/09/2024,02:00,559
08/09/2024,02:15,1256
08/09/2024,02:30,931
08/09/2024,02:45,934
08/09/2024,03:00,1298
08/09/2024,03:15,1431
08/09/2024,03:30,600
08/09/2024,03:45,862
08/09/2024,04:00,1467
08/09/2024,04:15,1186
08/09/2024,04:30,824
08/09/2024,04:45,527
08/09/2024,05:00,858
08/09/2024,05:15,312
08/09/2024,05:30,1220
08/09/2024,05:45,1235
08/09/2024,06:00,441
08/09/2024,06:15,1243
08/09/2024,06:30,193
08/09/2024,06:45,296
08/09/2024,07:00,1306
08/09/2024,07:15,1415
08/09/2024,07:30,614
08/09/2024,07:45,183
08/09/2024,08:00,1290
08/09/2024,08:15,1405
08/09/2024,08:30,900
08/09/2024,08:45,448
08/09/2024,09:00,1413
08/09/2024,09:15,1080
08/09/2024,09:30,895
08/09/2024,09:45,919
08/09/2024,10:00,770
08/09/2024,10:15,1355
08/09/2024,10:30,563
08/09/2024,10:45,516
08/09/2024,11:00,934
08/09/2024,11:15,580
08/09/2024,11:30,1214
08/09/2024,11:45,1478
08/09/2024,12:00,459
08/09/2024,12:15,1091
08/09/2024,12:30,188
08/09/2024,12:45,1498
08/09/2024,13:00,1498
08/09/2024,13:15,1236
08/09/2024,13:30,1411
08/09/2024,13:45,796
08/09/2024,14:00,480
08/09/2024,14:15,846
08/09/2024,14:30,897
08/09/2024,14:45,332
08/09/2024,15:00,1237
08/09/2024,15:15,911
08/09/2024,15:30,692
08/09/2024,15:45,545
08/09/2024,16:00,584
08/09/2024,16:15,330
08/09/2024,16:30,552
08/09/2024,16:45,277
08/09/2024,17:00,797
08/09/2024,17:15,1109
08/09/2024,17:30,389
08/09/2024,17:45,647
08/09/2024,18:00,206
08/09/2024,18:15,505
08/09/2024,18:30,1237
08/09/2024,18:45,367
08/09/2024,19:00,733
08/09/2024,19:15,775
08/09/2024,19:30,1251
08/09/2024,19:45,1006
08/09/2024,20:00,1174
08/09/2024,20:15,1416
08/09/2024,20:30,1382
08/09/2024,20:45,1455
08/09/2024,21:00,1186
08/09/2024,21:15,261
08/09/2024,21:30,766
08/09/2024,21:45,426
08/09/2024,22:00,204
08/09/2024,22:15,390
08/09/2024,22:30,1431
08/09/2024,22:45,693
08/09/2024,23:00,249
08/09/2024,23:15,886
08/09/2024,23:30,608
08/09/2024,23:45,642
09/09/2024,00:00,494
09/09/2024,00:15,632
09/09/2024,00:30,1244
09/09/2024,00:45,1451
09/09/2024,01:00,154
09/09/2024,01:15,1456
09/09/2024,01:30,426
09/09/2024,01:45,949
09/09/2024,02:00,1060
09/09/2024,02:15,1037
09/09/2024,02:30,595
09/09/2024,02:45,806
09/09/2024,03:00,187
09/09/2024,03:15,1014
09/09/2024,03:30,894
09/09/2024,03:45,1265
09/09/2024,04:00,1333
09/09/2024,04:15,1434
09/09/2024,04:30,1189
09/09/2024,04:45,1492
09/09/2024,05:00,960
09/09/2024,05:15,984
09/09/2024,05:30,1145
09/09/2024,05:45,588
09/09/2024,06:00,1138
09/09/2024,06:15,1380
09/09/2024,06:30,725
09/09/2024,06:45,482
09/09/2024,07:00,331
09/09/2024,07:15,759
09/09/2024,07:30,706
09/09/2024,07:45,114
09/09/2024,08:00,988
09/09/2024,08:15,470
09/09/2024,08:30,456
09/09/2024,08:45,864
09/09/2024,09:00,348
09/09/2024,09:15,500
09/09/2024,09:30,1091
09/09/2024,09:45,1323
09/09/2024,10:00,1184
09/09/2024,10:15,1196
09/09/2024,10:30,933
09/09/2024,10:45,139
09/09/2024,11:00,1191
09/09/2024,11:15,238
09/09/2024,11:30,745
09/09/2024,11:45,1328
09/09/2024,12:00,171
09/09/2024,12:15,325
09/09/2024,12:30,1022
09/09/2024,12:45,579
09/09/2024,13:00,1226
09/09/2024,13:15,1243
09/09/2024,13:30,511
09/09/2024,13:45,1419
09/09/2024,14:00,602
09/09/2024,14:15,1109
09/09/2024,14:30,1062
09/09/2024,14:45,699
09/09/2024,15:00,628
09/09/2024,15:15,278
09/09/2024,15:30,609
09/09/2024,15:45,663
09/09/2024,16:00,1121
09/09/2024,16:15,1123
09/09/2024,16:30,1115
09/09/2024,16:45,1363
09/09/2024,17:00,812
09/09/2024,17:15,479
09/09/2024,17:30,866
09/09/2024,17:45,432
09/09/2024,18:00,1235
09/09/2024,18:15,1029
09/09/2024,18:30,1040
09/09/2024,18:45,429
09/09/2024,19:00,772
09/09/2024,19:15,933
09/09/2024,19:30,1221
09/09/2024,19:45,786
09/09/2024,20:00,635
09/09/2024,20:15,763
09/09/2024,20:30,720
09/09/2024,20:45,281
09/09/2024,21:00,110
09/09/2024,21:15,1084
09/09/2024,21:30,1289
09/09/2024,21:45,168
09/09/2024,22:00,373
09/09/2024,22:15,711
09/09/2024,22:30,300
09/09/2024,22:45,580
09/09/2024,23:00,1460
09/09/2024,23:15,689
09/09/2024,23:30,328
09/09/2024,23:45,799
10/09/2024,00:00,411
10/09/2024,00:15,924
10/09/2024,00:30,751
10/09/2024,00:45,211
10/09/2024,01:00,1264
10/09/2024,01:15,701
10/09/2024,01:30,564
10/09/2024,01:45,596
10/09/2024,02:00,570
10/09/2024,02:15,599
10/09/2024,02:30,842
10/09/2024,02:45,1223
10/09/2024,03:00,1042
10/09/2024,03:15,1369
10/09/2024,03:30,1412
10/09/2024,03:45,485
10/09/2024,04:00,904
10/09/2024,04:15,683
10/09/2024,04:30,804
10/09/2024,04:45,708
10/09/2024,05:00,1497
10/09/2024,05:15,1366
10/09/2024,05:30,521
10/09/2024,05:45,1150
10/09/2024,06:00,134
10/09/2024,06:15,1355
10/09/2024,06:30,522
10/09/2024,06:45,1457
10/09/2024,07:00,1078
10/09/2024,07:15,444
10/09/2024,07:30,1038
10/09/2024,07:45,1032
10/09/2024,08:00,729
10/09/2024,08:15,888
10/09/2024,08:30,635
10/09/2024,08:45,221
10/09/2024,09:00,1261
10/09/2024,09:15,320
10/09/2024,09:30,820
10/09/2024,09:45,378
10/09/2024,10:00,686
10/09/2024,10:15,615
10/09/2024,10:30,396
10/09/2024,10:45,1072
10/09/2024,11:00,499
10/09/2024,11:15,1341
10/09/2024,11:30,166
10/09/2024,11:45,448
10/09/2024,12:00,1249
10/09/2024,12:15,1192
10/09/2024,12:30,413
10/09/2024,12:45,187
10/09/2024,13:00,1178
10/09/2024,13:15,795
10/09/2024,13:30,637
10/09/2024,13:45,586
10/09/2024,14:00,1101
10/09/2024,14:15,662
10/09/2024,14:30,975
10/09/2024,14:45,474
10/09/2024,15:00,972
10/09/2024,15:15,1420
10/09/2024,15:30,400
10/09/2024,15:45,875
10/09/2024,16:00,321
10/09/2024,16:15,565
10/09/2024,16:30,1223
10/09/2024,16:45,1388
10/09/2024,17:00,891
10/09/2024,17:15,1358
10/09/2024,17:30,1291
10/09/2024,17:45,206
10/09/2024,18:00,354
10/09/2024,18:15,1263
10/09/2024,18:30,1278
10/09/2024,18:45,1265
10/09/2024,19:00,754
10/09/2024,19:15,1114
10/09/2024,19:30,1128
10/09/2024,19:45,369
10/09/2024,20:00,1402
10/09/2024,20:15,310
10/09/2024,20:30,474
10/09/2024,20:45,555
10/09/2024,21:00,137
10/09/2024,21:15,291
10/09/2024,21:30,416
10/09/2024,21:45,196
10/09/2024,22:00,1489
10/09/2024,22:15,520
10/09/2024,22:30,347
10/09/2024,22:45,302
10/09/2024,23:00,768
10/09/2024,23:15,122
10/09/2024,23:30,1244
10/09/2024,23:45,1071
11/09/2024,00:00,133
11/09/2024,00:15,1209
11/09/2024,00:30,1443
11/09/2024,00:45,1390
11/09/2024,01:00,446
11/09/2024,01:15,521
11/09/2024,01:30,514
11/09/2024,01:45,1186
11/09/2024,02:00,1037
11/09/2024,02:15,604
11/09/2024,02:30,430
11/09/2024,02:45,227
11/09/2024,03:00,1225
11/09/2024,03:15,579
11/09/2024,03:30,517
11/09/2024,03:45,1467
11/09/2024,04:00,100
11/09/2024,04:15,1102
11/09/2024,04:30,201
11/09/2024,04:45,624
11/09/2024,05:00,328
11/09/2024,05:15,501
11/09/2024,05:30,1363
11/09/2024,05:45,636
11/09/2024,06:00,1246
11/09/2024,06:15,997
11/09/2024,06:30,493
11/09/2024,06:45,112
11/09/2024,07:00,864
11/09/2024,07:15,1004
11/09/2024,07:30,527
11/09/2024,07:45,1103
11/09/2024,08:00,955
11/09/2024,08:15,212
11/09/2024,08:30,697
11/09/2024,08:45,715
11/09/2024,09:00,1279
11/09/2024,09:15,1295
11/09/2024,09:30,1173
11/09/2024,09:45,873
11/09/2024,10:00,786
11/09/2024,10:15,1489
11/09/2024,10:30,1237
11/09/2024,10:45,186
11/09/2024,11:00,148
11/09/2024,11:15,1305
11/09/2024,11:30,454
11/09/2024,11:45,1491
11/09/2024,12:00,463
11/09/2024,12:15,180
11/09/2024,12:30,387
11/09/2024,12:45,1211
11/09/2024,13:00,462
11/09/2024,13:15,1335
11/09/2024,13:30,319
11/09/2024,13:45,677
11/09/2024,14:00,531
11/09/2024,14:15,273
11/09/2024,14:30,313
11/09/2024,14:45,1025
11/09/2024,15:00,218
11/09/2024,15:15,1157
11/09/2024,15:30,478
11/09/2024,15:45,890
11/09/2024,16:00,395
11/09/2024,16:15,288
11/09/2024,16:30,348
11/09/2024,16:45,960
11/09/2024,17:00,1289
11/09/2024,17:15,1327
11/09/2024,17:30,165
11/09/2024,17:45,1305
11/09/2024,18:00,424
11/09/2024,18:15,1427
11/09/2024,18:30,1099
11/09/2024,18:45,1056
11/09/2024,19:00,821
11/09/2024,19:15,506
11/09/2024,19:30,770
11/09/2024,19:45,1374
11/09/2024,20:00,1170
11/09/2024,20:15,957
11/09/2024,20:30,681
11/09/2024,20:45,947
11/09/2024,21:00,242
11/09/2024,21:15,918
11/09/2024,21:30,1465
11/09/2024,21:45,975
11/09/2024,22:00,170
11/09/2024,22:15,714
11/09/2024,22:30,1452
11/09/2024,22:45,1488
11/09/2024,23:00,753
11/09/2024,23:15,358
11/09/2024,23:30,1368
11/09/2024,23:45,1198
12/09/2024,00:00,274
12/09/2024,00:15,361
12/09/2024,00:30,301
12/09/2024,00:45,626
12/09/2024,01:00,956
12/09/2024,01:15,582
12/09/2024,01:30,956
12/09/2024,01:45,222
12/09/2024,02:00,335
12/09/2024,02:15,525
12/09/2024,02:30,1259
12/09/2024,02:45,1260
12/09/2024,03:00,235
12/09/2024,03:15,585
12/09/2024,03:30,914
12/09/2024,03:45,666
12/09/2024,04:00,902
12/09/2024,04:15,595
12/09/2024,04:30,308
12/09/2024,04:45,579
12/09/2024,05:00,554
12/09/2024,05:15,818
12/09/2024,05:30,1288
12/09/2024,05:45,1166
12/09/2024,06:00,1357
12/09/2024,06:15,1246
12/09/2024,06:30,1264
12/09/2024,06:45,749
12/09/2024,07:00,1482
12/09/2024,07:15,689
12/09/2024,07:30,1395
12/09/2024,07:45,858
12/09/2024,08:00,1002
12/09/2024,08:15,337
12/09/2024,08:30,192
12/09/2024,08:45,394
12/09/2024,09:00,1123
12/09/2024,09:15,228
12/09/2024,09:30,703
12/09/2024,09:45,889
12/09/2024,10:00,684
12/09/2024,10:15,1482
12/09/2024,10:30,924
12/09/2024,10:45,970
12/09/2024,11:00,1001
12/09/2024,11:15,957
12/09/2024,11:30,1295
12/09/2024,11:45,165
12/09/2024,12:00,147
12/09/2024,12:15,614
12/09/2024,12:30,1005
12/09/2024,12:45,407
12/09/2024,13:00,1173
12/09/2024,13:15,748
12/09/2024,13:30,270
12/09/2024,13:45,214
12/09/2024,14:00,535
12/09/2024,14:15,1083
12/09/2024,14:30,914
12/09/2024,14:45,1092
12/09/2024,15:00,1228
12/09/2024,15:15,343
12/09/2024,15:30,802
12/09/2024,15:45,1182
12/09/2024,16:00,406
12/09/2024,16:15,171
12/09/2024,16:30,1432
12/09/2024,16:45,1475
12/09/2024,17:00,1139
12/09/2024,17:15,584
12/09/2024,17:30,928
12/09/2024,17:45,321
12/09/2024,18:00,309
12/09/2024,18:15,1482
12/09/2024,18:30,1255
12/09/2024,18:45,917
12/09/2024,19:00,927
12/09/2024,19:15,311
12/09/2024,19:30,298
12/09/2024,19:45,806
12/09/2024,20:00,502
12/09/2024,20:15,237
12/09/2024,20:30,905
12/09/2024,20:45,1100
12/09/2024,21:00,1126
12/09/2024,21:15,808
12/09/2024,21:30,990
12/09/2024,21:45,940
12/09/2024,22:00,309
12/09/2024,22:15,1226
12/09/2024,22:30,419
12/09/2024,22:45,438
12/09/2024,23:00,341
12/09/2024,23:15,1394
12/09/2024,23:30,834
12/09/2024,23:45,923
13/09/2024,00:00,1396
13/09/2024,00:15,433
13/09/2024,00:30,1249
13/09/2024,00:45,386
13/09/2024,01:00,1173
13/09/2024,01:15,820
13/09/2024,01:30,814
13/09/2024,01:45,604
13/09/2024,02:00,1145
13/09/2024,02:15,203
13/09/2024,02:30,1184
13/09/2024,02:45,1112
13/09/2024,03:00,760
13/09/2024,03:15,1499
13/09/2024,03:30,1142
13/09/2024,03:45,591
13/09/2024,04:00,1126
13/09/2024,04:15,144
13/09/2024,04:30,1321
13/09/2024,04:45,893
13/09/2024,05:00,170
13/09/2024,05:15,1296
13/09/2024,05:30,163
13/09/2024,05:45,1086
13/09/2024,06:00,1267
13/09/2024,06:15,1094
13/09/2024,06:30,300
13/09/2024,06:45,1000
13/09/2024,07:00,1466
13/09/2024,07:15,318
13/09/2024,07:30,972
13/09/2024,07:45,967
13/09/2024,08:00,1074
13/09/2024,08:15,1212
13/09/2024,08:30,381
13/09/2024,08:45,1415
13/09/2024,09:00,644
13/09/2024,09:15,648
13/09/2024,09:30,1488
13/09/2024,09:45,181
13/09/2024,10:00,1408
13/09/2024,10:15,1241
13/09/2024,10:30,215
13/09/2024,10:45,1241
13/09/2024,11:00,839
13/09/2024,11:15,1388
13/09/2024,11:30,256
13/09/2024,11:45,1303
13/09/2024,12:00,534
13/09/2024,12:15,1045
13/09/2024,12:30,1416
13/09/2024,12:45,1307
13/09/2024,13:00,1176
13/09/2024,13:15,408
13/09/2024,13:30,611
13/09/2024,13:45,1101
13/09/2024,14:00,1251
13/09/2024,14:15,206
13/09/2024,14:30,991
13/09/2024,14:45,106
13/09/2024,15:00,934
13/09/2024,15:15,1414
13/09/2024,15:30,863
13/09/2024,15:45,1435
13/09/2024,16:00,185
13/09/2024,16:15,1278
13/09/2024,16:30,774
13/09/2024,16:45,1278
13/09/2024,17:00,780
13/09/2024,17:15,133
13/09/2024,17:30,1122
13/09/2024,17:45,741
13/09/2024,18:00,991
13/09/2024,18:15,1072
13/09/2024,18:30,283
13/09/2024,18:45,365
13/09/2024,19:00,1193
13/09/2024,19:15,1231
13/09/2024,19:30,859
13/09/2024,19:45,632
13/09/2024,20:00,467
13/09/2024,20:15,1341
13/09/2024,20:30,689
13/09/2024,20:45,799
13/09/2024,21:00,515
13/09/2024,21:15,771
13/09/2024,21:30,542
13/09/2024,21:45,744
13/09/2024,22:00,1054
13/09/2024,22:15,1082
13/09/2024,22:30,1479
13/09/2024,22:45,119
13/09/2024,23:00,1039
13/09/2024,23:15,1006
13/09/2024,23:30,1463
13/09/2024,23:45,888
14/09/2024,00:00,161
14/09/2024,00:15,1183
14/09/2024,00:30,440
14/09/2024,00:45,365
14/09/2024,01:00,1150
14/09/2024,01:15,578
14/09/2024,01:30,198
14/09/2024,01:45,1106
14/09/2024,02:00,417
14/09/2024,02:15,939
14/09/2024,02:30,572
14/09/2024,02:45,378
14/09/2024,03:00,932
14/09/2024,03:15,289
14/09/2024,03:30,162
14/09/2024,03:45,877
14/09/2024,04:00,1403
14/09/2024,04:15,1303
14/09/2024,04:30,424
14/09/2024,04:45,684
14/09/2024,05:00,1217
14/09/2024,05:15,971
14/09/2024,05:30,945
14/09/2024,05:45,1127
14/09/2024,06:00,551
14/09/2024,06:15,478
14/09/2024,06:30,317
14/09/2024,06:45,263
14/09/2024,07:00,1274
14/09/2024,07:15,709
14/09/2024,07:30,590
14/09/2024,07:45,797
14/09/2024,08:00,486
14/09/2024,08:15,1402
14/09/2024,08:30,1214
14/09/2024,08:45,111
14/09/2024,09:00,405
14/09/2024,09:15,619
14/09/2024,09:30,1082
14/09/2024,09:45,1347
14/09/2024,10:00,1472
14/09/2024,10:15,682
14/09/2024,10:30,895
14/09/2024,10:45,414
14/09/2024,11:00,465
14/09/2024,11:15,478
14/09/2024,11:30,870
14/09/2024,11:45,332
14/09/2024,12:00,106
14/09/2024,12:15,285
14/09/2024,12:30,192
14/09/2024,12:45,219
14/09/2024,13:00,528
14/09/2024,13:15,339
14/09/2024,13:30,416
14/09/2024,13:45,277
14/09/2024,14:00,301
14/09/2024,14:15,1498
14/09/2024,14:30,541
14/09/2024,14:45,356
14/09/2024,15:00,166
14/09/2024,15:15,468
14/09/2024,15:30,148
14/09/2024,15:45,254
14/09/2024,16:00,1196
14/09/2024,16:15,529
14/09/2024,16:30,248
14/09/2024,16:45,867
14/09/2024,17:00,1392
14/09/2024,17:15,530
14/09/2024,17:30,1429
14/09/2024,17:45,806
14/09/2024,18:00,441
14/09/2024,18:15,1190
14/09/2024,18:30,1255
14/09/2024,18:45,1467
14/09/2024,19:00,529
14/09/2024,19:15,1254
14/09/2024,19:30,1034
14/09/2024,19:45,236
14/09/2024,20:00,1458
14/09/2024,20:15,1135
14/09/2024,20:30,1453
14/09/2024,20:45,935
14/09/2024,21:00,416
14/09/2024,21:15,404
14/09/2024,21:30,330
14/09/2024,21:45,1114
14/09/2024,22:00,1148
14/09/2024,22:15,276
14/09/2024,22:30,613
14/09/2024,22:45,1051
14/09/2024,23:00,314
14/09/2024,23:15,887
14/09/2024,23:30,1348
14/09/2024,23:45,1123
15/09/2024,00:00,1073
15/09/2024,00:15,1484
15/09/2024,00:30,759
15/09/2024,00:45,144
15/09/2024,01:00,428
15/09/2024,01:15,422
15/09/2024,01:30,1389
15/09/2024,01:45,787
15/09/2024,02:00,865
15/09/2024,02:15,1121
15/09/2024,02:30,1223
15/09/2024,02:45,1114
15/09/2024,03:00,595
15/09/2024,03:15,615
15/09/2024,03:30,1132
15/09/2024,03:45,1285
15/09/2024,04:00,1437
15/09/2024,04:15,514
15/09/2024,04:30,1135
15/09/2024,04:45,939
15/09/2024,05:00,1395
15/09/2024,05:15,596
15/09/2024,05:30,1256
15/09/2024,05:45,564
15/09/2024,06:00,386
15/09/2024,06:15,605
15/09/2024,06:30,1058
15/09/2024,06:45,1233
15/09/2024,07:00,106
15/09/2024,07:15,115
15/09/2024,07:30,915
15/09/2024,07:45,728
15/09/2024,08:00,148
15/09/2024,08:15,657
15/09/2024,08:30,120
15/09/2024,08:45,584
15/09/2024,09:00,549
15/09/2024,09:15,1274
15/09/2024,09:30,763
15/09/2024,09:45,343
15/09/2024,10:00,744
15/09/2024,10:15,1449
15/09/2024,10:30,810
15/09/2024,10:45,1192
15/09/2024,11:00,686
15/09/2024,11:15,1339
15/09/2024,11:30,820
15/09/2024,11:45,692
15/09/2024,12:00,705
15/09/2024,12:15,789
15/09/2024,12:30,1324
15/09/2024,12:45,1313
15/09/2024,13:00,979
15/09/2024,13:15,272
15/09/2024,13:30,276
15/09/2024,13:45,282
15/09/2024,14:00,644
15/09/2024,14:15,494
15/09/2024,14:30,674
15/09/2024,14:45,576
15/09/2024,15:00,499
15/09/2024,15:15,301
15/09/2024,15:30,157
15/09/2024,15:45,173
15/09/2024,16:00,1453
15/09/2024,16:15,367
15/09/2024,16:30,764
15/09/2024,16:45,1166
15/09/2024,17:00,914
15/09/2024,17:15,890
15/09/2024,17:30,602
15/09/2024,17:45,1213
15/09/2024,18:00,353
15/09/2024,18:15,1030
15/09/2024,18:30,764
15/09/2024,18:45,639
15/09/2024,19:00,453
15/09/2024,19:15,1395
15/09/2024,19:30,996
15/09/2024,19:45,525
15/09/2024,20:00,615
15/09/2024,20:15,378
15/09/2024,20:30,1300
15/09/2024,20:45,521
15/09/2024,21:00,350
15/09/2024,21:15,734
15/09/2024,21:30,1436
15/09/2024,21:45,1410
15/09/2024,22:00,1033
15/09/2024,22:15,803
15/09/2024,22:30,750
15/09/2024,22:45,359
15/09/2024,23:00,259
15/09/2024,23:15,954
15/09/2024,23:30,1123
15/09/2024,23:45,600
16/09/2024,00:00,923
16/09/2024,00:15,1402
16/09/2024,00:30,1092
16/09/2024,00:45,105
16/09/2024,01:00,304
16/09/2024,01:15,773
16/09/2024,01:30,1462
16/09/2024,01:45,1215
16/09/2024,02:00,1347
16/09/2024,02:15,552
16/09/2024,02:30,359
16/09/2024,02:45,751
16/09/2024,03:00,472
16/09/2024,03:15,623
16/09/2024,03:30,1249
16/09/2024,03:45,926
16/09/2024,04:00,1247
16/09/2024,04:15,446
16/09/2024,04:30,980
16/09/2024,04:45,537
16/09/2024,05:00,690
16/09/2024,05:15,1287
16/09/2024,05:30,801
16/09/2024,05:45,263
16/09/2024,06:00,1266
16/09/2024,06:15,1466
16/09/2024,06:30,118
16/09/2024,06:45,481
16/09/2024,07:00,739
16/09/2024,07:15,702
16/09/2024,07:30,705
16/09/2024,07:45,1189
16/09/2024,08:00,867
16/09/2024,08:15,808
16/09/2024,08:30,669
16/09/2024,08:45,442
16/09/2024,09:00,193
16/09/2024,09:15,744
16/09/2024,09:30,821
16/09/2024,09:45,1208
16/09/2024,10:00,172
16/09/2024,10:15,1344
16/09/2024,10:30,290
16/09/2024,10:45,988
16/09/2024,11:00,1272
16/09/2024,11:15,573
16/09/2024,11:30,769
16/09/2024,11:45,664
16/09/2024,12:00,730
16/09/2024,12:15,388
16/09/2024,12:30,838
16/09/2024,12:45,307
16/09/2024,13:00,738
16/09/2024,13:15,1070
16/09/2024,13:30,897
16/09/2024,13:45,1370
16/09/2024,14:00,1404
16/09/2024,14:15,1288
16/09/2024,14:30,740
16/09/2024,14:45,608
16/09/2024,15:00,306
16/09/2024,15:15,1101
16/09/2024,15:30,304
16/09/2024,15:45,982
16/09/2024,16:00,100
16/09/2024,16:15,779
16/09/2024,16:30,687
16/09/2024,16:45,229
16/09/2024,17:00,545
16/09/2024,17:15,991
16/09/2024,17:30,509
16/09/2024,17:45,852
16/09/2024,18:00,842
16/09/2024,18:15,1038
16/09/2024,18:30,399
16/09/2024,18:45,1221
16/09/2024,19:00,1146
16/09/2024,19:15,918
16/09/2024,19:30,1051
16/09/2024,19:45,1247
16/09/2024,20:00,196
16/09/2024,20:15,620
16/09/2024,20:30,1093
16/09/2024,20:45,462
16/09/2024,21:00,1281
16/09/2024,21:15,1064
16/09/2024,21:30,152
16/09/2024,21:45,515
16/09/2024,22:00,927
16/09/2024,22:15,919
16/09/2024,22:30,118
16/09/2024,22:45,1339
16/09/2024,23:00,267
16/09/2024,23:15,108
16/09/2024,23:30,460
16/09/2024,23:45,876
17/09/2024,00:00,1482
17/09/2024,00:15,1456
17/09/2024,00:30,1240
17/09/2024,00:45,1413
17/09/2024,01:00,836
17/09/2024,01:15,495
17/09/2024,01:30,472
17/09/2024,01:45,114
17/09/2024,02:00,1467
17/09/2024,02:15,903
17/09/2024,02:30,454
17/09/2024,02:45,748
17/09/2024,03:00,1348
17/09/2024,03:15,1113
17/09/2024,03:30,872
17/09/2024,03:45,280
17/09/2024,04:00,907
17/09/2024,04:15,513
17/09/2024,04:30,1047
17/09/2024,04:45,1337
17/09/2024,05:00,1101
17/09/2024,05:15,1016
17/09/2024,05:30,1349
17/09/2024,05:45,302
17/09/2024,06:00,751
17/09/2024,06:15,886
17/09/2024,06:30,1276
17/09/2024,06:45,564
17/09/2024,07:00,319
17/09/2024,07:15,458
17/09/2024,07:30,578
17/09/2024,07:45,410
17/09/2024,08:00,1414
17/09/2024,08:15,1057
17/09/2024,08:30,116
17/09/2024,08:45,377
17/09/2024,09:00,830
17/09/2024,09:15,530
17/09/2024,09:30,897
17/09/2024,09:45,1323
17/09/2024,10:00,1319
17/09/2024,10:15,991
17/09/2024,10:30,1108
17/09/2024,10:45,310
17/09/2024,11:00,277
17/09/2024,11:15,1141
17/09/2024,11:30,1457
17/09/2024,11:45,1269
17/09/2024,12:00,388
17/09/2024,12:15,866
17/09/2024,12:30,747
17/09/2024,12:45,474
17/09/2024,13:00,906
17/09/2024,13:15,458
17/09/2024,13:30,653
17/09/2024,13:45,1438
17/09/2024,14:00,1298
17/09/2024,14:15,134
17/09/2024,14:30,1239
17/09/2024,14:45,1027
17/09/2024,15:00,1210
17/09/2024,15:15,1269
17/09/2024,15:30,1058
17/09/2024,15:45,783
17/09/2024,16:00,1144
17/09/2024,16:15,410
17/09/2024,16:30,570
17/09/2024,16:45,1179
17/09/2024,17:00,1343
17/09/2024,17:15,1364
17/09/2024,17:30,909
17/09/2024,17:45,1491
17/09/2024,18:00,935
17/09/2024,18:15,465
17/09/2024,18:30,583
17/09/2024,18:45,634
17/09/2024,19:00,620
17/09/2024,19:15,542
17/09/2024,19:30,524
17/09/2024,19:45,1284
17/09/2024,20:00,187
17/09/2024,20:15,809
17/09/2024,20:30,1247
17/09/2024,20:45,519
17/09/2024,21:00,703
17/09/2024,21:15,1010
17/09/2024,21:30,220
17/09/2024,21:45,407
17/09/2024,22:00,624
17/09/2024,22:15,118
17/09/2024,22:30,228
17/09/2024,22:45,1308
17/09/2024,23:00,1487
17/09/2024,23:15,1182
17/09/2024,23:30,1111
17/09/2024,23:45,803
18/09/2024,00:00,1187
18/09/2024,00:15,119
18/09/2024,00:30,255
18/09/2024,00:45,956
18/09/2024,01:00,1431
18/09/2024,01:15,522
18/09/2024,01:30,430
18/09/2024,01:45,692
18/09/2024,02:00,567
18/09/2024,02:15,771
18/09/2024,02:30,1339
18/09/2024,02:45,1003
18/09/2024,03:00,1323
18/09/2024,03:15,430
18/09/2024,03:30,920
18/09/2024,03:45,1340
18/09/2024,04:00,247
18/09/2024,04:15,1021
18/09/2024,04:30,706
18/09/2024,04:45,1152
18/09/2024,05:00,649
18/09/2024,05:15,619
18/09/2024,05:30,499
18/09/2024,05:45,1176
18/09/2024,06:00,925
18/09/2024,06:15,758
18/09/2024,06:30,1098
18/09/2024,06:45,462
18/09/2024,07:00,915
18/09/2024,07:15,1219
18/09/2024,07:30,634
18/09/2024,07:45,143
18/09/2024,08:00,1022
18/09/2024,08:15,425
18/09/2024,08:30,1427
18/09/2024,08:45,964
18/09/2024,09:00,1298
18/09/2024,09:15,812
18/09/2024,09:30,620
18/09/2024,09:45,640
18/09/2024,10:00,217
18/09/2024,10:15,244
18/09/2024,10:30,117
18/09/2024,10:45,391
18/09/2024,11:00,384
18/09/2024,11:15,826
18/09/2024,11:30,880
18/09/2024,11:45,925
18/09/2024,12:00,483
18/09/2024,12:15,521
18/09/2024,12:30,726
18/09/2024,12:45,1421
18/09/2024,13:00,154
18/09/2024,13:15,1261
18/09/2024,13:30,617
18/09/2024,13:45,588
18/09/2024,14:00,720
18/09/2024,14:15,1147
18/09/2024,14:30,903
18/09/2024,14:45,286
18/09/2024,15:00,1385
18/09/2024,15:15,859
18/09/2024,15:30,339
18/09/2024,15:45,1444
18/09/2024,16:00,460
18/09/2024,16:15,594
18/09/2024,16:30,1063
18/09/2024,16:45,743
18/09/2024,17:00,748
18/09/2024,17:15,705
18/09/2024,17:30,823
18/09/2024,17:45,731
18/09/2024,18:00,880
18/09/2024,18:15,330
18/09/2024,18:30,260
18/09/2024,18:45,1190
18/09/2024,19:00,756
18/09/2024,19:15,1424
18/09/2024,19:30,569
18/09/2024,19:45,198
18/09/2024,20:00,318
18/09/2024,20:15,930
18/09/2024,20:30,402
18/09/2024,20:45,917
18/09/2024,21:00,1371
18/09/2024,21:15,1363
18/09/2024,21:30,1034
18/09/2024,21:45,404
18/09/2024,22:00,953
18/09/2024,22:15,1446
18/09/2024,22:30,806
18/09/2024,22:45,247
18/09/2024,23:00,1186
18/09/2024,23:15,506
18/09/2024,23:30,508
18/09/2024,23:45,571
19/09/2024,00:00,796
19/09/2024,00:15,1236
19/09/2024,00:30,912
19/09/2024,00:45,662
19/09/2024,01:00,267
19/09/2024,01:15,1212
19/09/2024,01:30,797
19/09/2024,01:45,132
19/09/2024,02:00,1188
19/09/2024,02:15,557
19/09/2024,02:30,523
19/09/2024,02:45,135
19/09/2024,03:00,854
19/09/2024,03:15,717
19/09/2024,03:30,1307
19/09/2024,03:45,748
19/09/2024,04:00,273
19/09/2024,04:15,468
19/09/2024,04:30,894
19/09/2024,04:45,1087
19/09/2024,05:00,1276
19/09/2024,05:15,267
19/09/2024,05:30,724
19/09/2024,05:45,229
19/09/2024,06:00,230
19/09/2024,06:15,1046
19/09/2024,06:30,402
19/09/2024,06:45,133
19/09/2024,07:00,745
19/09/2024,07:15,1305
19/09/2024,07:30,990
19/09/2024,07:45,413
19/09/2024,08:00,1390
19/09/2024,08:15,1074
19/09/2024,08:30,107
19/09/2024,08:45,1435
19/09/2024,09:00,1048
19/09/2024,09:15,599
19/09/2024,09:30,380
19/09/2024,09:45,871
19/09/2024,10:00,622
19/09/2024,10:15,171
19/09/2024,10:30,1133
19/09/2024,10:45,1149
19/09/2024,11:00,244
19/09/2024,11:15,1042
19/09/2024,11:30,375
19/09/2024,11:45,1001
19/09/2024,12:00,1182
19/09/2024,12:15,1255
19/09/2024,12:30,1240
19/09/2024,12:45,1277
19/09/2024,13:00,520
19/09/2024,13:15,232
19/09/2024,13:30,825
19/09/2024,13:45,1019
19/09/2024,14:00,1379
19/09/2024,14:15,1262
19/09/2024,14:30,424
19/09/2024,14:45,194
19/09/2024,15:00,161
19/09/2024,15:15,1023
19/09/2024,15:30,1366
19/09/2024,15:45,1449
19/09/2024,16:00,159
19/09/2024,16:15,638
19/09/2024,16:30,361
19/09/2024,16:45,895
19/09/2024,17:00,210
19/09/2024,17:15,671
19/09/2024,17:30,746
19/09/2024,17:45,1190
19/09/2024,18:00,128
19/09/2024,18:15,650
19/09/2024,18:30,1124
19/09/2024,18:45,934
19/09/2024,19:00,845
19/09/2024,19:15,341
19/09/2024,19:30,944
19/09/2024,19:45,125
19/09/2024,20:00,861
19/09/2024,20:15,883
19/09/2024,20:30,897
19/09/2024,20:45,1393
19/09/2024,21:00,767
19/09/2024,21:15,1376
19/09/2024,21:30,1202
19/09/2024,21:45,342
19/09/2024,22:00,1264
19/09/2024,22:15,990
19/09/2024,22:30,385
19/09/2024,22:45,1402
19/09/2024,23:00,1034
19/09/2024,23:15,1128
19/09/2024,23:30,1393
19/09/2024,23:45,1299
20/09/2024,00:00,187
20/09/2024,00:15,217
20/09/2024,00:30,704
20/09/2024,00:45,979
20/09/2024,01:00,1283
20/09/2024,01:15,524
20/09/2024,01:30,113
20/09/2024,01:45,1051
20/09/2024,02:00,384
20/09/2024,02:15,171
20/09/2024,02:30,1101
20/09/2024,02:45,697
20/09/2024,03:00,217
20/09/2024,03:15,1324
20/09/2024,03:30,657
20/09/2024,03:45,431
20/09/2024,04:00,145
20/09/2024,04:15,345
20/09/2024,04:30,690
20/09/2024,04:45,957
20/09/2024,05:00,1254
20/09/2024,05:15,1046
20/09/2024,05:30,999
20/09/2024,05:45,463
20/09/2024,06:00,135
20/09/2024,06:15,771
20/09/2024,06:30,463
20/09/2024,06:45,1166
20/09/2024,07:00,770
20/09/2024,07:15,880
20/09/2024,07:30,856
20/09/2024,07:45,414
20/09/2024,08:00,543
20/09/2024,08:15,479
20/09/2024,08:30,420
20/09/2024,08:45,387
20/09/2024,09:00,1405
20/09/2024,09:15,1182
20/09/2024,09:30,1084
20/09/2024,09:45,922
20/09/2024,10:00,1217
20/09/2024,10:15,1371
20/09/2024,10:30,409
20/09/2024,10:45,631
20/09/2024,11:00,834
20/09/2024,11:15,1372
20/09/2024,11:30,662
20/09/2024,11:45,802
20/09/2024,12:00,1280
20/09/2024,12:15,1480
20/09/2024,12:30,773
20/09/2024,12:45,945
20/09/2024,13:00,1317
20/09/2024,13:15,546
20/09/2024,13:30,534
20/09/2024,13:45,361
20/09/2024,14:00,342
20/09/2024,14:15,411
20/09/2024,14:30,1149
20/09/2024,14:45,1384
20/09/2024,15:00,1492
20/09/2024,15:15,1106
20/09/2024,15:30,309
20/09/2024,15:45,501
20/09/2024,16:00,869
20/09/2024,16:15,1049
20/09/2024,16:30,854
20/09/2024,16:45,1444
20/09/2024,17:00,1337
20/09/2024,17:15,1031
20/09/2024,17:30,801
20/09/2024,17:45,1265
20/09/2024,18:00,1489
20/09/2024,18:15,1415
20/09/2024,18:30,1260
20/09/2024,18:45,351
20/09/2024,19:00,145
20/09/2024,19:15,1030
20/09/2024,19:30,123
20/09/2024,19:45,215
20/09/2024,20:00,392
20/09/2024,20:15,411
20/09/2024,20:30,132
20/09/2024,20:45,239
20/09/2024,21:00,487
20/09/2024,21:15,602
20/09/2024,21:30,1046
20/09/2024,21:45,1119
20/09/2024,22:00,796
20/09/2024,22:15,1482
20/09/2024,22:30,193
20/09/2024,22:45,1464
20/09/2024,23:00,340
20/09/2024,23:15,177
20/09/2024,23:30,307
20/09/2024,23:45,1469
21/09/2024,00:00,1106
21/09/2024,00:15,492
21/09/2024,00:30,685
21/09/2024,00:45,1264
21/09/2024,01:00,975
21/09/2024,01:15,348
21/09/2024,01:30,527
21/09/2024,01:45,1105
21/09/2024,02:00,906
21/09/2024,02:15,1154
21/09/2024,02:30,386
21/09/2024,02:45,1283
21/09/2024,03:00,415
21/09/2024,03:15,905
21/09/2024,03:30,102
21/09/2024,03:45,756
21/09/2024,04:00,602
21/09/2024,04:15,848
21/09/2024,04:30,1315
21/09/2024,04:45,918
21/09/2024,05:00,1270
21/09/2024,05:15,1066
21/09/2024,05:30,1124
21/09/2024,05:45,1108
21/09/2024,06:00,1313
21/09/2024,06:15,753
21/09/2024,06:30,1256
21/09/2024,06:45,1207
21/09/2024,07:00,238
21/09/2024,07:15,1012
21/09/2024,07:30,1044
21/09/2024,07:45,1478
21/09/2024,08:00,835
21/09/2024,08:15,177
21/09/2024,08:30,1254
21/09/2024,08:45,1316
21/09/2024,09:00,1456
21/09/2024,09:15,1173
21/09/2024,09:30,472
21/09/2024,09:45,929
21/09/2024,10:00,1250
21/09/2024,10:15,1180
21/09/2024,10:30,1284
21/09/2024,10:45,1182
21/09/2024,11:00,924
21/09/2024,11:15,1374
21/09/2024,11:30,1071
21/09/2024,11:45,1188
21/09/2024,12:00,786
21/09/2024,12:15,281
21/09/2024,12:30,777
21/09/2024,12:45,268
21/09/2024,13:00,877
21/09/2024,13:15,1440
21/09/2024,13:30,817
21/09/2024,13:45,1183
21/09/2024,14:00,1059
21/09/2024,14:15,158
21/09/2024,14:30,512
21/09/2024,14:45,979
21/09/2024,15:00,1372
21/09/2024,15:15,1104
21/09/2024,15:30,1429
21/09/2024,15:45,1472
21/09/2024,16:00,301
21/09/2024,16:15,346
21/09/2024,16:30,652
21/09/2024,16:45,1157
21/09/2024,17:00,1363
21/09/2024,17:15,480
21/09/2024,17:30,376
21/09/2024,17:45,894
21/09/2024,18:00,1049
21/09/2024,18:15,1042
21/09/2024,18:30,1387
21/09/2024,18:45,1138
21/09/2024,19:00,1381
21/09/2024,19:15,803
21/09/2024,19:30,688
21/09/2024,19:45,118
21/09/2024,20:00,520
21/09/2024,20:15,1296
21/09/2024,20:30,1394
21/09/2024,20:45,721
21/09/2024,21:00,543
21/09/2024,21:15,616
21/09/2024,21:30,1287
21/09/2024,21:45,498
21/09/2024,22:00,425
21/09/2024,22:15,410
21/09/2024,22:30,869
21/09/2024,22:45,428
21/09/2024,23:00,1237
21/09/2024,23:15,233
21/09/2024,23:30,1325
21/09/2024,23:45,311
22/09/2024,00:00,1192
22/09/2024,00:15,714
22/09/2024,00:30,1192
22/09/2024,00:45,459
22/09/2024,01:00,1030
22/09/2024,01:15,420
22/09/2024,01:30,364
22/09/2024,01:45,346
22/09/2024,02:00,1474
22/09/2024,02:15,377
22/09/2024,02:30,775
22/09/2024,02:45,1225
22/09/2024,03:00,263
22/09/2024,03:15,1377
22/09/2024,03:30,105
22/09/2024,03:45,1085
22/09/2024,04:00,724
22/09/2024,04:15,179
22/09/2024,04:30,1145
22/09/2024,04:45,110
22/09/2024,05:00,1009
22/09/2024,05:15,424
22/09/2024,05:30,867
22/09/2024,05:45,1234
22/09/2024,06:00,1388
22/09/2024,06:15,687
22/09/2024,06:30,774
22/09/2024,06:45,532
22/09/2024,07:00,914
22/09/2024,07:15,1073
22/09/2024,07:30,271
22/09/2024,07:45,243
22/09/2024,08:00,367
22/09/2024,08:15,1268
22/09/2024,08:30,1214
22/09/2024,08:45,1278
22/09/2024,09:00,1401
22/09/2024,09:15,452
22/09/2024,09:30,1058
22/09/2024,09:45,422
22/09/2024,10:00,587
22/09/2024,10:15,1176
22/09/2024,10:30,1495
22/09/2024,10:45,1426
22/09/2024,11:00,1102
22/09/2024,11:15,287
22/09/2024,11:30,222
22/09/2024,11:45,875
22/09/2024,12:00,900
22/09/2024,12:15,957
22/09/2024,12:30,940
22/09/2024,12:45,767
22/09/2024,13:00,1219
22/09/2024,13:15,757
22/09/2024,13:30,1323
22/09/2024,13:45,1423
22/09/2024,14:00,642
22/09/2024,14:15,551
22/09/2024,14:30,1027
22/09/2024,14:45,329
22/09/2024,15:00,371
22/09/2024,15:15,953
22/09/2024,15:30,577
22/09/2024,15:45,1159
22/09/2024,16:00,498
22/09/2024,16:15,206
22/09/2024,16:30,408
22/09/2024,16:45,497
22/09/2024,17:00,855
22/09/2024,17:15,839
22/09/2024,17:30,1481
22/09/2024,17:45,839
22/09/2024,18:00,842
22/09/2024,18:15,1060
22/09/2024,18:30,1243
22/09/2024,18:45,1301
22/09/2024,19:00,1175
22/09/2024,19:15,846
22/09/2024,19:30,352
22/09/2024,19:45,1396
22/09/2024,20:00,815
22/09/2024,20:15,772
22/09/2024,20:30,1407
22/09/2024,20:45,537
22/09/2024,21:00,1477
22/09/2024,21:15,234
22/09/2024,21:30,949
22/09/2024,21:45,1298
22/09/2024,22:00,847
22/09/2024,22:15,1487
22/09/2024,22:30,929
22/09/2024,22:45,1310
22/09/2024,23:00,479
22/09/2024,23:15,345
22/09/2024,23:30,1356
22/09/2024,23:45,1028
23/09/2024,00:00,1206
23/09/2024,00:15,1470
23/09/2024,00:30,259
23/09/2024,00:45,994
23/09/2024,01:00,302
23/09/2024,01:15,141
23/09/2024,01:30,617
23/09/2024,01:45,258
23/09/2024,02:00,1313
23/09/2024,02:15,1276
23/09/2024,02:30,898
23/09/2024,02:45,199
23/09/2024,03:00,624
23/09/2024,03:15,1380
23/09/2024,03:30,813
23/09/2024,03:45,437
23/09/2024,04:00,1089
23/09/2024,04:15,1494
23/09/2024,04:30,686
23/09/2024,04:45,1089
23/09/2024,05:00,328
23/09/2024,05:15,1065
23/09/2024,05:30,465
23/09/2024,05:45,969
23/09/2024,06:00,603
23/09/2024,06:15,622
23/09/2024,06:30,199
23/09/2024,06:45,931
23/09/2024,07:00,747
23/09/2024,07:15,287
23/09/2024,07:30,1077
23/09/2024,07:45,532
23/09/2024,08:00,620
23/09/2024,08:15,786
23/09/2024,08:30,915
23/09/2024,08:45,1111
23/09/2024,09:00,150
23/09/2024,09:15,744
23/09/2024,09:30,229
23/09/2024,09:45,933
23/09/2024,10:00,827
23/09/2024,10:15,235
23/09/2024,10:30,139
23/09/2024,10:45,335
23/09/2024,11:00,664
23/09/2024,11:15,1342
23/09/2024,11:30,732
23/09/2024,11:45,1267
23/09/2024,12:00,1092
23/09/2024,12:15,352
23/09/2024,12:30,529
23/09/2024,12:45,327
23/09/2024,13:00,1381
23/09/2024,13:15,603
23/09/2024,13:30,1364
23/09/2024,13:45,1186
23/09/2024,14:00,1325
23/09/2024,14:15,1069
23/09/2024,14:30,1330
23/09/2024,14:45,1470
23/09/2024,15:00,1206
23/09/2024,15:15,1182
23/09/2024,15:30,1388
23/09/2024,15:45,1098
23/09/2024,16:00,482
23/09/2024,16:15,421
23/09/2024,16:30,1384
23/09/2024,16:45,1359
23/09/2024,17:00,142
23/09/2024,17:15,429
23/09/2024,17:30,358
23/09/2024,17:45,272
23/09/2024,18:00,1391
23/09/2024,18:15,1287
23/09/2024,18:30,577
23/09/2024,18:45,811
23/09/2024,19:00,1343
23/09/2024,19:15,311
23/09/2024,19:30,354
23/09/2024,19:45,909
23/09/2024,20:00,558
23/09/2024,20:15,1411
23/09/2024,20:30,217
23/09/2024,20:45,801
23/09/2024,21:00,994
23/09/2024,21:15,628
23/09/2024,21:30,1377
23/09/2024,21:45,1015
23/09/2024,22:00,187
23/09/2024,22:15,328
23/09/2024,22:30,784
23/09/2024,22:45,1098
23/09/2024,23:00,135
23/09/2024,23:15,515
23/09/2024,23:30,754
23/09/2024,23:45,1373
24/09/2024,00:00,1271
24/09/2024,00:15,1155
24/09/2024,00:30,1417
24/09/2024,00:45,790
24/09/2024,01:00,831
24/09/2024,01:15,397
24/09/2024,01:30,1254
24/09/2024,01:45,1162
24/09/2024,02:00,1253
24/09/2024,02:15,818
24/09/2024,02:30,1376
24/09/2024,02:45,849
24/09/2024,03:00,158
24/09/2024,03:15,1267
24/09/2024,03:30,1127
24/09/2024,03:45,116
24/09/2024,04:00,1289
24/09/2024,04:15,1022
24/09/2024,04:30,1308
24/09/2024,04:45,468
24/09/2024,05:00,683
24/09/2024,05:15,1229
24/09/2024,05:30,1487
24/09/2024,05:45,540
24/09/2024,06:00,661
24/09/2024,06:15,1114
24/09/2024,06:30,806
24/09/2024,06:45,1142
24/09/2024,07:00,772
24/09/2024,07:15,591
24/09/2024,07:30,406
24/09/2024,07:45,788
24/09/2024,08:00,623
24/09/2024,08:15,889
24/09/2024,08:30,379
24/09/2024,08:45,232
24/09/2024,09:00,1246
24/09/2024,09:15,230
24/09/2024,09:30,916
24/09/2024,09:45,494
24/09/2024,10:00,993
24/09/2024,10:15,1295
24/09/2024,10:30,180
24/09/2024,10:45,189
24/09/2024,11:00,1208
24/09/2024,11:15,924
24/09/2024,11:30,864
24/09/2024,11:45,727
24/09/2024,12:00,1006
24/09/2024,12:15,1286
24/09/2024,12:30,416
24/09/2024,12:45,246
24/09/2024,13:00,1222
24/09/2024,13:15,721
24/09/2024,13:30,335
24/09/2024,13:45,221
24/09/2024,14:00,120
24/09/2024,14:15,1149
24/09/2024,14:30,848
24/09/2024,14:45,1114
24/09/2024,15:00,680
24/09/2024,15:15,1152
24/09/2024,15:30,415
24/09/2024,15:45,1118
24/09/2024,16:00,1071
24/09/2024,16:15,771
24/09/2024,16:30,373
24/09/2024,16:45,1248
24/09/2024,17:00,949
24/09/2024,17:15,1403
24/09/2024,17:30,138
24/09/2024,17:45,396
24/09/2024,18:00,760
24/09/2024,18:15,503
24/09/2024,18:30,817
24/09/2024,18:45,1050
24/09/2024,19:00,103
24/09/2024,19:15,641
24/09/2024,19:30,1471
24/09/2024,19:45,1005
24/09/2024,20:00,571
24/09/2024,20:15,219
24/09/2024,20:30,1085
24/09/2024,20:45,1177
24/09/2024,21:00,1001
24/09/2024,21:15,329
24/09/2024,21:30,1065
24/09/2024,21:45,644
24/09/2024,22:00,309
24/09/2024,22:15,543
24/09/2024,22:30,1241
24/09/2024,22:45,207
24/09/2024,23:00,1099
24/09/2024,23:15,990
24/09/2024,23:30,148
24/09/2024,23:45,646
25/09/2024,00:00,1102
25/09/2024,00:15,619
25/09/2024,00:30,268
25/09/2024,00:45,672
25/09/2024,01:00,794
25/09/2024,01:15,1352
25/09/2024,01:30,964
25/09/2024,01:45,1235
25/09/2024,02:00,151
25/09/2024,02:15,1371
25/09/2024,02:30,754
25/09/2024,02:45,622
25/09/2024,03:00,320
25/09/2024,03:15,911
25/09/2024,03:30,1143
25/09/2024,03:45,1293
25/09/2024,04:00,650
25/09/2024,04:15,148
25/09/2024,04:30,1263
25/09/2024,04:45,272
25/09/2024,05:00,1169
25/09/2024,05:15,1319
25/09/2024,05:30,850
25/09/2024,05:45,1065
25/09/2024,06:00,447
25/09/2024,06:15,575
25/09/2024,06:30,1158
25/09/2024,06:45,510
25/09/2024,07:00,1035
25/09/2024,07:15,942
25/09/2024,07:30,1005
25/09/2024,07:45,365
25/09/2024,08:00,401
25/09/2024,08:15,167
25/09/2024,08:30,749
25/09/2024,08:45,1493
25/09/2024,09:00,724
25/09/2024,09:15,411
25/09/2024,09:30,1049
25/09/2024,09:45,818
25/09/2024,10:00,146
25/09/2024,10:15,709
25/09/2024,10:30,1112
25/09/2024,10:45,1150
25/09/2024,11:00,379
25/09/2024,11:15,635
25/09/2024,11:30,1122
25/09/2024,11:45,345
25/09/2024,12:00,185
25/09/2024,12:15,725
25/09/2024,12:30,880
25/09/2024,12:45,1284
25/09/2024,13:00,943
25/09/2024,13:15,713
25/09/2024,13:30,1012
25/09/2024,13:45,358
25/09/2024,14:00,989
25/09/2024,14:15,105
25/09/2024,14:30,460
25/09/2024,14:45,168
25/09/2024,15:00,677
25/09/2024,15:15,1137
25/09/2024,15:30,1408
25/09/2024,15:45,145
25/09/2024,16:00,680
25/09/2024,16:15,1499
25/09/2024,16:30,700
25/09/2024,16:45,1465
25/09/2024,17:00,395
25/09/2024,17:15,451
25/09/2024,17:30,369
25/09/2024,17:45,497
25/09/2024,18:00,1277
25/09/2024,18:15,1032
25/09/2024,18:30,1032
25/09/2024,18:45,1328
25/09/2024,19:00,647
25/09/2024,19:15,264
25/09/2024,19:30,337
25/09/2024,19:45,644
25/09/2024,20:00,806
25/09/2024,20:15,609
25/09/2024,20:30,1460
25/09/2024,20:45,424
25/09/2024,21:00,350
25/09/2024,21:15,1370
25/09/2024,21:30,955
25/09/2024,21:45,738
25/09/2024,22:00,729
25/09/2024,22:15,625
25/09/2024,22:30,491
25/09/2024,22:45,1368
25/09/2024,23:00,936
25/09/2024,23:15,199
25/09/2024,23:30,965
25/09/2024,23:45,722
26/09/2024,00:00,809
26/09/2024,00:15,1019
26/09/2024,00:30,573
26/09/2024,00:45,258
26/09/2024,01:00,508
26/09/2024,01:15,815
26/09/2024,01:30,1175
26/09/2024,01:45,227
26/09/2024,02:00,452
26/09/2024,02:15,296
26/09/2024,02:30,870
26/09/2024,02:45,185
26/09/2024,03:00,1330
26/09/2024,03:15,481
26/09/2024,03:30,981
26/09/2024,03:45,588
26/09/2024,04:00,515
26/09/2024,04:15,799
26/09/2024,04:30,718
26/09/2024,04:45,1312
26/09/2024,05:00,749
26/09/2024,05:15,831
26/09/2024,05:30,1466
26/09/2024,05:45,500
26/09/2024,06:00,394
26/09/2024,06:15,1136
26/09/2024,06:30,813
26/09/2024,06:45,1412
26/09/2024,07:00,1185
26/09/2024,07:15,1042
26/09/2024,07:30,1357
26/09/2024,07:45,1207
26/09/2024,08:00,1108
26/09/2024,08:15,1352
26/09/2024,08:30,804
26/09/2024,08:45,776
26/09/2024,09:00,513
26/09/2024,09:15,1012
26/09/2024,09:30,1428
26/09/2024,09:45,1130
26/09/2024,10:00,1275
26/09/2024,10:15,134
26/09/2024,10:30,543
26/09/2024,10:45,698
26/09/2024,11:00,484
26/09/2024,11:15,1098
26/09/2024,11:30,124
26/09/2024,11:45,1497
26/09/2024,12:00,1010
26/09/2024,12:15,1371
26/09/2024,12:30,263
26/09/2024,12:45,1475
26/09/2024,13:00,121
26/09/2024,13:15,535
26/09/2024,13:30,1303
26/09/2024,13:45,1187
26/09/2024,14:00,561
26/09/2024,14:15,683
26/09/2024,14:30,1102
26/09/2024,14:45,524
26/09/2024,15:00,906
26/09/2024,15:15,898
26/09/2024,15:30,515
26/09/2024,15:45,1144
26/09/2024,16:00,713
26/09/2024,16:15,1023
26/09/2024,16:30,140
26/09/2024,16:45,795
26/09/2024,17:00,1302
26/09/2024,17:15,366
26/09/2024,17:30,1325
26/09/2024,17:45,813
26/09/2024,18:00,1456
26/09/2024,18:15,255
26/09/2024,18:30,340
26/09/2024,18:45,200
26/09/2024,19:00,749
26/09/2024,19:15,462
26/09/2024,19:30,925
26/09/2024,19:45,412
26/09/2024,20:00,466
26/09/2024,20:15,839
26/09/2024,20:30,267
26/09/2024,20:45,238
26/09/2024,21:00,1383
26/09/2024,21:15,1094
26/09/2024,21:30,1452
26/09/2024,21:45,1074
26/09/2024,22:00,1208
26/09/2024,22:15,803
26/09/2024,22:30,646
26/09/2024,22:45,1098
26/09/2024,23:00,1082
26/09/2024,23:15,1494
26/09/2024,23:30,114
26/09/2024,23:45,643
27/09/2024,00:00,587
27/09/2024,00:15,830
27/09/2024,00:30,1497
27/09/2024,00:45,560
27/09/2024,01:00,890
27/09/2024,01:15,677
27/09/2024,01:30,1078
27/09/2024,01:45,1486
27/09/2024,02:00,609
27/09/2024,02:15,884
27/09/2024,02:30,1296
27/09/2024,02:45,1338
27/09/2024,03:00,963
27/09/2024,03:15,404
27/09/2024,03:30,1076
27/09/2024,03:45,1032
27/09/2024,04:00,1195
27/09/2024,04:15,695
27/09/2024,04:30,723
27/09/2024,04:45,133
27/09/2024,05:00,626
27/09/2024,05:15,1000
27/09/2024,05:30,298
27/09/2024,05:45,236
27/09/2024,06:00,487
27/09/2024,06:15,220
27/09/2024,06:30,287
27/09/2024,06:45,263
27/09/2024,07:00,1388
27/09/2024,07:15,787
27/09/2024,07:30,255
27/09/2024,07:45,878
27/09/2024,08:00,649
27/09/2024,08:15,143
27/09/2024,08:30,389
27/09/2024,08:45,160
27/09/2024,09:00,328
27/09/2024,09:15,733
27/09/2024,09:30,748
27/09/2024,09:45,699
27/09/2024,10:00,1106
27/09/2024,10:15,992
27/09/2024,10:30,911
27/09/2024,10:45,747
27/09/2024,11:00,188
27/09/2024,11:15,722
27/09/2024,11:30,1319
27/09/2024,11:45,666
27/09/2024,12:00,999
27/09/2024,12:15,1144
27/09/2024,12:30,161
27/09/2024,12:45,1491
27/09/2024,13:00,292
27/09/2024,13:15,410
27/09/2024,13:30,1159
27/09/2024,13:45,1123
27/09/2024,14:00,524
27/09/2024,14:15,1271
27/09/2024,14:30,1396
27/09/2024,14:45,1051
27/09/2024,15:00,1341
27/09/2024,15:15,126
27/09/2024,15:30,1304
27/09/2024,15:45,1062
27/09/2024,16:00,871
27/09/2024,16:15,1330
27/09/2024,16:30,359
27/09/2024,16:45,1356
27/09/2024,17:00,1460
27/09/2024,17:15,845
27/09/2024,17:30,1299
27/09/2024,17:45,724
27/09/2024,18:00,361
27/09/2024,18:15,770
27/09/2024,18:30,278
27/09/2024,18:45,703
27/09/2024,19:00,223
27/09/2024,19:15,654
27/09/2024,19:30,398
27/09/2024,19:45,1253
27/09/2024,20:00,1195
27/09/2024,20:15,609
27/09/2024,20:30,883
27/09/2024,20:45,210
27/09/2024,21:00,903
27/09/2024,21:15,1185
27/09/2024,21:30,296
27/09/2024,21:45,350
27/09/2024,22:00,1295
27/09/2024,22:15,1090
27/09/2024,22:30,414
27/09/2024,22:45,1134
27/09/2024,23:00,920
27/09/2024,23:15,1325
27/09/2024,23:30,1200
27/09/2024,23:45,1444
28/09/2024,00:00,1455
28/09/2024,00:15,1093
28/09/2024,00:30,534
28/09/2024,00:45,911
28/09/2024,01:00,1084
28/09/2024,01:15,120
28/09/2024,01:30,298
28/09/2024,01:45,599
28/09/2024,02:00,1243
28/09/2024,02:15,1219
28/09/2024,02:30,1483
28/09/2024,02:45,296
28/09/2024,03:00,1142
28/09/2024,03:15,1018
28/09/2024,03:30,365
28/09/2024,03:45,1110
28/09/2024,04:00,174
28/09/2024,04:15,210
28/09/2024,04:30,178
28/09/2024,04:45,657
28/09/2024,05:00,1365
28/09/2024,05:15,421
28/09/2024,05:30,658
28/09/2024,05:45,959
28/09/2024,06:00,593
28/09/2024,06:15,762
28/09/2024,06:30,134
28/09/2024,06:45,384
28/09/2024,07:00,533
28/09/2024,07:15,1178
28/09/2024,07:30,219
28/09/2024,07:45,390
28/09/2024,08:00,813
28/09/2024,08:15,865
28/09/2024,08:30,629
28/09/2024,08:45,238
28/09/2024,09:00,572
28/09/2024,09:15,1337
28/09/2024,09:30,556
28/09/2024,09:45,626
28/09/2024,10:00,421
28/09/2024,10:15,1419
28/09/2024,10:30,133
28/09/2024,10:45,642
28/09/2024,11:00,765
28/09/2024,11:15,760
28/09/2024,11:30,1148
28/09/2024,11:45,1375
28/09/2024,12:00,386
28/09/2024,12:15,1451
28/09/2024,12:30,745
28/09/2024,12:45,993
28/09/2024,13:00,1080
28/09/2024,13:15,1411
28/09/2024,13:30,266
28/09/2024,13:45,511
28/09/2024,14:00,158
28/09/2024,14:15,1244
28/09/2024,14:30,941
28/09/2024,14:45,456
28/09/2024,15:00,1142
28/09/2024,15:15,267
28/09/2024,15:30,1121
28/09/2024,15:45,961
28/09/2024,16:00,513
28/09/2024,16:15,679
28/09/2024,16:30,823
28/09/2024,16:45,1256
28/09/2024,17:00,201
28/09/2024,17:15,1323
28/09/2024,17:30,646
28/09/2024,17:45,971
28/09/2024,18:00,285
28/09/2024,18:15,715
28/09/2024,18:30,1327
28/09/2024,18:45,413
28/09/2024,19:00,602
28/09/2024,19:15,1454
28/09/2024,19:30,1444
28/09/2024,19:45,881
28/09/2024,20:00,1082
28/09/2024,20:15,388
28/09/2024,20:30,1389
28/09/2024,20:45,1354
28/09/2024,21:00,816
28/09/2024,21:15,1156
28/09/2024,21:30,1456
28/09/2024,21:45,126
28/09/2024,22:00,1428
28/09/2024,22:15,941
28/09/2024,22:30,346
28/09/2024,22:45,931
28/09/2024,23:00,639
28/09/2024,23:15,1080
28/09/2024,23:30,1326
28/09/2024,23:45,710
29/09/2024,00:00,217
29/09/2024,00:15,995
29/09/2024,00:30,1131
29/09/2024,00:45,855
29/09/2024,01:00,1481
29/09/2024,01:15,1096
29/09/2024,01:30,1408
29/09/2024,01:45,1167
29/09/2024,02:00,1428
29/09/2024,02:15,790
29/09/2024,02:30,880
29/09/2024,02:45,113
29/09/2024,03:00,940
29/09/2024,03:15,1077
29/09/2024,03:30,574
29/09/2024,03:45,804
29/09/2024,04:00,1139
29/09/2024,04:15,135
29/09/2024,04:30,1483
29/09/2024,04:45,1377
29/09/2024,05:00,232
29/09/2024,05:15,330
29/09/2024,05:30,1244
29/09/2024,05:45,1484
29/09/2024,06:00,1144
29/09/2024,06:15,613
29/09/2024,06:30,1421
29/09/2024,06:45,1121
29/09/2024,07:00,195
29/09/2024,07:15,483
29/09/2024,07:30,524
29/09/2024,07:45,836
29/09/2024,08:00,939
29/09/2024,08:15,932
29/09/2024,08:30,1167
29/09/2024,08:45,746
29/09/2024,09:00,378
29/09/2024,09:15,864
29/09/2024,09:30,1404
29/09/2024,09:45,445
29/09/2024,10:00,928
29/09/2024,10:15,505
29/09/2024,10:30,1481
29/09/2024,10:45,319
29/09/2024,11:00,965
29/09/2024,11:15,1312
29/09/2024,11:30,1026
29/09/2024,11:45,781
29/09/2024,12:00,1329
29/09/2024,12:15,407
29/09/2024,12:30,1363
29/09/2024,12:45,810
29/09/2024,13:00,106
29/09/2024,13:15,655
29/09/2024,13:30,663
29/09/2024,13:45,170
29/09/2024,14:00,1438
29/09/2024,14:15,473
29/09/2024,14:30,287
29/09/2024,14:45,936
29/09/2024,15:00,655
29/09/2024,15:15,759
29/09/2024,15:30,1343
29/09/2024,15:45,1371
29/09/2024,16:00,137
29/09/2024,16:15,426
29/09/2024,16:30,373
29/09/2024,16:45,663
29/09/2024,17:00,959
29/09/2024,17:15,1124
29/09/2024,17:30,1468
29/09/2024,17:45,1162
29/09/2024,18:00,240
29/09/2024,18:15,1348
29/09/2024,18:30,777
29/09/2024,18:45,1253
29/09/2024,19:00,260
29/09/2024,19:15,293
29/09/2024,19:30,826
29/09/2024,19:45,401
29/09/2024,20:00,1456
29/09/2024,20:15,1471
29/09/2024,20:30,1406
29/09/2024,20:45,174
29/09/2024,21:00,820
29/09/2024,21:15,698
29/09/2024,21:30,927
29/09/2024,21:45,1130
29/09/2024,22:00,142
29/09/2024,22:15,673
29/09/2024,22:30,1100
29/09/2024,22:45,540
29/09/2024,23:00,1208
29/09/2024,23:15,551
29/09/2024,23:30,414
29/09/2024,23:45,813
30/09/2024,00:00,1303
